/* Seed data for Boutique CRUD - generated */
SET FOREIGN_KEY_CHECKS=0;
DELETE FROM _CODE_DETALLE_VENTA;
DELETE FROM _CODE_VENTAS;
DELETE FROM _CODE_PRODUCTO;
DELETE FROM _CODE_CATEGORIA;
DELETE FROM _CODE_TALLA;
DELETE FROM _CODE_PROVEEDOR;
DELETE FROM _CODE_CLIENTE;
DELETE FROM _CODE_EMPLEADO;
SET FOREIGN_KEY_CHECKS=1;

INSERT INTO _CODE_CATEGORIA (CATEGORIA_ID, CODIGO, DESCRIPCION) VALUES
(1,'CAT-001','Camisas'),
(2,'CAT-002','Pantalones'),
(3,'CAT-003','Zapatos');

INSERT INTO _CODE_TALLA (TALLA_ID, CODIGO, DESCRIPCION) VALUES
(1,'S','Small'),
(2,'M','Medium'),
(3,'L','Large'),
(4,'42','Talla 42');

INSERT INTO _CODE_PROVEEDOR (PROVEEDOR_ID, NOMBRE_EMPRESA, TELEFONO, EMAIL, DIRECCION, CIUDAD) VALUES
(1,'Textiles Andinos','0999999999','ventas@textilesandinos.com','Av. Principal 123','Quito'),
(2,'Calzado Sierra','0988888888','contacto@calzadosierra.com','Calle 10 y Av. 2','Cuenca');

INSERT INTO _CODE_CLIENTE (CLIENTE_ID, CODIGO, APELLIDO, TELEFONO, EMAIL, DIRECCION) VALUES
(1,'CLI-001','Saa','0977777777','ikian@example.com','Sangolquí'),
(2,'CLI-002','Perez','0966666666','perez@example.com','Quito');

INSERT INTO _CODE_EMPLEADO (EMPLEADO_ID, CODIGO, APELLIDO, CARGO, TELEFONO, DIRECCION, FECHA_INGRESO) VALUES
(1,'EMP-001','Gomez','Cajero','0955555555','Quito','2025-09-10'),
(2,'EMP-002','Martinez','Vendedor','0944444444','Sangolquí','2025-11-01');

INSERT INTO _CODE_PRODUCTO (PRODUCTO_ID, CATEGORIA_ID, PROVEEDOR_ID, TALLA_ID, CODIGO, DESCRIPCION, COLOR, MARCA, STOCK, PRECIO) VALUES
(1,1,1,2,'PROD-001','Camisa Oxford','Blanco','AndesWear',50,19.99),
(2,2,1,3,'PROD-002','Pantalón Chino','Beige','AndesWear',35,24.50),
(3,3,2,4,'PROD-003','Zapato Casual','Negro','SierraStep',20,39.90);

-- Venta demo
INSERT INTO _CODE_VENTAS (VENTA_ID, CLIENTE_ID, EMPLEADO_ID, FECHA, TOTAL, ESTADO, METODO_PAGO) VALUES
(1,1,2,NOW(),(19.99*2 + 24.50*1),'COMPLETADA','EFECTIVO');

INSERT INTO _CODE_DETALLE_VENTA (DETALLE_ID, VENTA_ID, PRODUCTO_ID, CANTIDAD, PRECIO) VALUES
(1,1,1,2,19.99),
(2,1,2,1,24.50);

-- Ajuste de stock demo
UPDATE _CODE_PRODUCTO SET STOCK = STOCK - 2 WHERE PRODUCTO_ID=1;
UPDATE _CODE_PRODUCTO SET STOCK = STOCK - 1 WHERE PRODUCTO_ID=2;
